Regions,Res ID,3MAX,4LXZ,4LY1,5IWG,5IX0,,,,
IN,M35,-0.731787763,-0.211543977,-1.24708413,-0.468212237,-0.74125239,,,,
IN,R39,0.307815488,-0.886520076,1.069550669,0.983508604,2.563957935,,,,
IN,D104,-0.698948375,-1.415439771,-1.821773423,0.007241874,-0.92999522,,,,
IN,L144,-1.689196941,-0.054110899,-1.98709369,-1.190917782,-2.28957935,,,,
IN,G305,-0.97956501,-0.464722753,-1.672370937,-1.121152008,-2.086926386,,,,
IN,G306,-1.470148184,-1.619048757,-2.199856597,-1.116993308,-1.841873805,,,,
ZBG,H145,-2.037523901,-2.06290631,-2.057552581,-1.240487572,-2.21625239,,,,
ZBG,H146,-1.719144359,-0.592423518,-2.041945507,-1.199808795,-2.041132887,,,,
ZBG,G154,-0.821892925,-0.256716061,-0.581500956,-1.047323136,-1.174091778,,,,
ZBG,D160,0.887978011,-0.096391013,1.040200765,0.562762906,0.908078394,,,,
ZBG,D181,0.950167304,5.299976099,4.717543021,1.87416348,3.891300191,,,,
ZBG,H183,-0.413025813,0.507624283,0.343499044,0.378298279,-0.30793499,,,,
ZBG,D269,1.95126673,4.918140535,4.855760038,1.794096558,3.409536329,,,,
ZBG,Y308,0.037810707,-2.003895793,-2.42456979,0.072992352,-0.350286807,,,,
LK,F155,-1.614125239,-2.46959847,-1.79789675,-1.190152964,-2.297657744,,,,
LK,F210,-0.684345124,-1.87000478,-1.054469407,-0.579660612,-1.373064054,,,,
CAP,L276,-0.070578394,-1.60707457,-0.758173996,-0.09624761,-0.01333652,,,,
